{"stats":{"minecraft:killed":{"minecraft:sheep":8,"minecraft:pig":1,"minecraft:chicken":2,"minecraft:cow":3},"minecraft:picked_up":{"minecraft:stick":5,"minecraft:chicken":2,"minecraft:leather":4,"minecraft:porkchop":1,"minecraft:oak_log":96,"minecraft:dirt":3,"minecraft:stone_sword":1,"minecraft:apple":2,"minecraft:stone_axe":1,"minecraft:beef":8,"minecraft:stone_pickaxe":1,"minecraft:light_gray_wool":1,"minecraft:oak_sapling":14,"minecraft:mutton":11,"minecraft:coal":12,"minecraft:white_wool":6,"minecraft:furnace":1,"minecraft:cobblestone":25,"minecraft:egg":2},"minecraft:broken":{"minecraft:wooden_axe":1},"minecraft:used":{"minecraft:wooden_axe":39,"minecraft:stone_pickaxe":7,"minecraft:wooden_pickaxe":33,"minecraft:stone_axe":66,"minecraft:crafting_table":1,"minecraft:cooked_beef":2},"minecraft:mined":{"minecraft:furnace":1,"minecraft:grass":1,"minecraft:poppy":1,"minecraft:oak_log":96,"minecraft:grass_block":3,"minecraft:coal_ore":12,"minecraft:stone":25,"minecraft:oak_leaves":16},"minecraft:crafted":{"minecraft:cooked_beef":9,"minecraft:oak_planks":104,"minecraft:crafting_table":1,"minecraft:stick":12,"minecraft:wooden_pickaxe":1,"minecraft:wooden_axe":2,"minecraft:air":0},"minecraft:custom":{"minecraft:time_since_rest":26781,"minecraft:interact_with_furnace":7,"minecraft:sprint_one_cm":25651,"minecraft:damage_taken":208,"minecraft:walk_one_cm":121003,"minecraft:mob_kills":15,"minecraft:drop":17,"minecraft:damage_dealt":1068,"minecraft:interact_with_crafting_table":1,"minecraft:fly_one_cm":5614,"minecraft:crouch_one_cm":2945,"minecraft:play_time":26781,"minecraft:sneak_time":529,"minecraft:walk_under_water_one_cm":971,"minecraft:jump":246,"minecraft:leave_game":1,"minecraft:walk_on_water_one_cm":3532,"minecraft:time_since_death":26781,"minecraft:total_world_time":26781,"minecraft:fall_one_cm":5092},"minecraft:dropped":{"minecraft:cooked_beef":1,"minecraft:wooden_axe":1,"minecraft:cobblestone":25}},"DataVersion":3120}