{"stats":{"minecraft:killed":{"minecraft:cave_spider":1,"minecraft:pig":1,"minecraft:skeleton":1,"minecraft:sheep":8,"minecraft:zombie":1,"minecraft:chicken":2,"minecraft:cow":3},"minecraft:picked_up":{"minecraft:nautilus_shell":4,"minecraft:fishing_rod":7,"minecraft:crafting_table":1,"minecraft:feather":1,"minecraft:cooked_beef":2,"minecraft:chicken":12,"minecraft:salmon":22,"minecraft:andesite":1,"minecraft:leather":64,"minecraft:wooden_pickaxe":2,"minecraft:oak_log":288,"minecraft:lily_pad":1,"minecraft:dirt":30,"minecraft:string":40,"minecraft:name_tag":3,"minecraft:cooked_mutton":38,"minecraft:leather_boots":7,"minecraft:pufferfish":14,"minecraft:bone":2,"minecraft:apple":30,"minecraft:bow":1,"minecraft:wheat_seeds":5,"minecraft:iron_ingot":45,"minecraft:beef":17,"minecraft:stone_pickaxe":4,"minecraft:light_gray_wool":1,"minecraft:sugar_cane":20,"minecraft:oak_planks":291,"minecraft:egg":2,"minecraft:furnace":1,"minecraft:stick":7,"minecraft:raw_iron":52,"minecraft:torch":13,"minecraft:porkchop":4,"minecraft:diorite":2,"minecraft:white_bed":2,"minecraft:barrel":1,"minecraft:stone_sword":6,"minecraft:arrow":2,"minecraft:rotten_flesh":4,"minecraft:tropical_fish":6,"minecraft:stone_axe":6,"minecraft:granite":24,"minecraft:oak_sapling":59,"minecraft:cod":55,"minecraft:mutton":13,"minecraft:coal":133,"minecraft:rail":1,"minecraft:white_wool":8,"minecraft:cobblestone":90},"minecraft:used":{"minecraft:cooked_mutton":1,"minecraft:diorite":2,"minecraft:stone_sword":75,"minecraft:stone_pickaxe":133,"minecraft:chest":2,"minecraft:wooden_pickaxe":33,"minecraft:torch":13,"minecraft:dirt":3,"minecraft:crafting_table":2,"minecraft:white_bed":4,"minecraft:granite":22,"minecraft:wooden_axe":39,"minecraft:bread":1,"minecraft:stone_axe":66,"minecraft:fishing_rod":64,"minecraft:furnace":2,"minecraft:cooked_beef":10},"minecraft:broken":{"minecraft:stone_pickaxe":1,"minecraft:wooden_axe":1},"minecraft:mined":{"minecraft:torch":3,"minecraft:granite":24,"minecraft:grass_block":11,"minecraft:poppy":1,"minecraft:tall_grass":1,"minecraft:sugar_cane":5,"minecraft:diorite":2,"minecraft:spawner":2,"minecraft:tall_seagrass":1,"minecraft:furnace":1,"minecraft:iron_ore":52,"minecraft:andesite":1,"minecraft:grass":5,"minecraft:coal_ore":33,"minecraft:oak_log":96,"minecraft:rail":1,"minecraft:dirt":7,"minecraft:cobweb":39,"minecraft:stone":48,"minecraft:oak_leaves":16},"minecraft:killed_by":{"minecraft:drowned":6},"minecraft:crafted":{"minecraft:cooked_beef":9,"minecraft:oak_planks":104,"minecraft:crafting_table":1,"minecraft:wooden_pickaxe":1,"minecraft:furnace":1,"minecraft:cooked_mutton":13,"minecraft:air":0,"minecraft:stick":12,"minecraft:iron_ingot":15,"minecraft:wooden_axe":2,"minecraft:chest":2,"minecraft:white_bed":2,"minecraft:torch":12},"minecraft:custom":{"minecraft:interact_with_furnace":21,"minecraft:mob_kills":20,"minecraft:interact_with_crafting_table":5,"minecraft:leave_game":1,"minecraft:time_since_death":9431,"minecraft:sleep_in_bed":4,"minecraft:climb_one_cm":1268,"minecraft:time_since_rest":8926,"minecraft:sprint_one_cm":149966,"minecraft:damage_taken":2563,"minecraft:walk_one_cm":350406,"minecraft:drop":26,"minecraft:damage_dealt":2070,"minecraft:swim_one_cm":33062,"minecraft:fly_one_cm":78858,"minecraft:open_chest":7,"minecraft:crouch_one_cm":7182,"minecraft:deaths":6,"minecraft:play_time":110781,"minecraft:sneak_time":1921,"minecraft:walk_under_water_one_cm":27009,"minecraft:jump":908,"minecraft:walk_on_water_one_cm":37879,"minecraft:total_world_time":110781,"minecraft:fish_caught":43,"minecraft:fall_one_cm":25107},"minecraft:dropped":{"minecraft:cooked_beef":1,"minecraft:stone_sword":1,"minecraft:cobblestone":25,"minecraft:granite":2,"minecraft:dirt":4,"minecraft:wooden_axe":1,"minecraft:leather_boots":2,"minecraft:stone_pickaxe":2}},"DataVersion":3120}