{"stats":{"minecraft:killed":{"minecraft:sheep":8,"minecraft:pig":1,"minecraft:chicken":2,"minecraft:cow":3},"minecraft:picked_up":{"minecraft:raw_iron":2,"minecraft:stick":5,"minecraft:chicken":2,"minecraft:leather":4,"minecraft:porkchop":1,"minecraft:oak_log":96,"minecraft:white_bed":2,"minecraft:dirt":4,"minecraft:stone_sword":1,"minecraft:apple":2,"minecraft:stone_axe":1,"minecraft:beef":8,"minecraft:stone_pickaxe":1,"minecraft:light_gray_wool":1,"minecraft:oak_sapling":14,"minecraft:sugar_cane":10,"minecraft:mutton":13,"minecraft:coal":13,"minecraft:white_wool":7,"minecraft:furnace":1,"minecraft:cobblestone":28,"minecraft:egg":2},"minecraft:broken":{"minecraft:wooden_axe":1},"minecraft:used":{"minecraft:wooden_axe":39,"minecraft:stone_pickaxe":13,"minecraft:wooden_pickaxe":33,"minecraft:stone_axe":66,"minecraft:crafting_table":1,"minecraft:white_bed":2,"minecraft:cooked_beef":4},"minecraft:mined":{"minecraft:furnace":1,"minecraft:iron_ore":2,"minecraft:grass":1,"minecraft:poppy":1,"minecraft:oak_log":96,"minecraft:grass_block":4,"minecraft:coal_ore":13,"minecraft:sugar_cane":5,"minecraft:stone":28,"minecraft:oak_leaves":16},"minecraft:crafted":{"minecraft:cooked_beef":9,"minecraft:oak_planks":104,"minecraft:crafting_table":1,"minecraft:stick":12,"minecraft:wooden_pickaxe":1,"minecraft:wooden_axe":2,"minecraft:white_bed":2,"minecraft:air":0},"minecraft:custom":{"minecraft:time_since_rest":10955,"minecraft:interact_with_furnace":7,"minecraft:sprint_one_cm":43745,"minecraft:damage_taken":488,"minecraft:walk_one_cm":164651,"minecraft:mob_kills":15,"minecraft:drop":18,"minecraft:damage_dealt":1068,"minecraft:swim_one_cm":2718,"minecraft:interact_with_crafting_table":2,"minecraft:fly_one_cm":11029,"minecraft:open_chest":1,"minecraft:crouch_one_cm":3715,"minecraft:play_time":38781,"minecraft:sneak_time":727,"minecraft:walk_under_water_one_cm":5698,"minecraft:jump":382,"minecraft:leave_game":1,"minecraft:walk_on_water_one_cm":11874,"minecraft:time_since_death":38781,"minecraft:sleep_in_bed":1,"minecraft:total_world_time":38781,"minecraft:fall_one_cm":9943},"minecraft:dropped":{"minecraft:dirt":3,"minecraft:cooked_beef":1,"minecraft:wooden_axe":1,"minecraft:cobblestone":25}},"DataVersion":3120}