{"stats":{"minecraft:killed":{"minecraft:cave_spider":1,"minecraft:pig":1,"minecraft:skeleton":1,"minecraft:sheep":8,"minecraft:zombie":1,"minecraft:chicken":2,"minecraft:cow":3},"minecraft:picked_up":{"minecraft:fishing_rod":3,"minecraft:crafting_table":1,"minecraft:feather":1,"minecraft:cooked_beef":2,"minecraft:chicken":9,"minecraft:salmon":7,"minecraft:andesite":1,"minecraft:leather":48,"minecraft:wooden_pickaxe":2,"minecraft:oak_log":224,"minecraft:dirt":28,"minecraft:string":39,"minecraft:name_tag":2,"minecraft:cooked_mutton":26,"minecraft:leather_boots":3,"minecraft:pufferfish":3,"minecraft:bone":2,"minecraft:apple":30,"minecraft:wheat_seeds":4,"minecraft:iron_ingot":30,"minecraft:beef":17,"minecraft:stone_pickaxe":3,"minecraft:light_gray_wool":1,"minecraft:sugar_cane":20,"minecraft:oak_planks":126,"minecraft:egg":2,"minecraft:furnace":1,"minecraft:stick":7,"minecraft:raw_iron":52,"minecraft:torch":10,"minecraft:porkchop":3,"minecraft:diorite":2,"minecraft:white_bed":2,"minecraft:barrel":1,"minecraft:stone_sword":4,"minecraft:arrow":2,"minecraft:rotten_flesh":2,"minecraft:tropical_fish":3,"minecraft:stone_axe":3,"minecraft:granite":24,"minecraft:oak_sapling":44,"minecraft:cod":22,"minecraft:mutton":13,"minecraft:coal":96,"minecraft:rail":1,"minecraft:white_wool":8,"minecraft:cobblestone":90},"minecraft:used":{"minecraft:diorite":2,"minecraft:stone_sword":69,"minecraft:stone_pickaxe":133,"minecraft:chest":2,"minecraft:wooden_pickaxe":33,"minecraft:torch":13,"minecraft:dirt":3,"minecraft:crafting_table":2,"minecraft:white_bed":4,"minecraft:granite":22,"minecraft:wooden_axe":39,"minecraft:bread":1,"minecraft:stone_axe":66,"minecraft:fishing_rod":18,"minecraft:furnace":2,"minecraft:cooked_beef":10},"minecraft:broken":{"minecraft:stone_pickaxe":1,"minecraft:wooden_axe":1},"minecraft:mined":{"minecraft:torch":3,"minecraft:granite":24,"minecraft:grass_block":11,"minecraft:poppy":1,"minecraft:sugar_cane":5,"minecraft:diorite":2,"minecraft:spawner":2,"minecraft:furnace":1,"minecraft:iron_ore":52,"minecraft:andesite":1,"minecraft:grass":3,"minecraft:coal_ore":33,"minecraft:oak_log":96,"minecraft:rail":1,"minecraft:dirt":7,"minecraft:cobweb":39,"minecraft:stone":48,"minecraft:oak_leaves":16},"minecraft:killed_by":{"minecraft:drowned":4},"minecraft:crafted":{"minecraft:cooked_beef":9,"minecraft:oak_planks":104,"minecraft:crafting_table":1,"minecraft:wooden_pickaxe":1,"minecraft:furnace":1,"minecraft:cooked_mutton":13,"minecraft:air":0,"minecraft:stick":12,"minecraft:iron_ingot":15,"minecraft:wooden_axe":2,"minecraft:chest":2,"minecraft:white_bed":2,"minecraft:torch":12},"minecraft:custom":{"minecraft:interact_with_furnace":20,"minecraft:mob_kills":19,"minecraft:interact_with_crafting_table":5,"minecraft:leave_game":1,"minecraft:time_since_death":3916,"minecraft:sleep_in_bed":2,"minecraft:climb_one_cm":1268,"minecraft:time_since_rest":3954,"minecraft:sprint_one_cm":127436,"minecraft:damage_taken":2083,"minecraft:walk_one_cm":334257,"minecraft:drop":23,"minecraft:damage_dealt":1944,"minecraft:swim_one_cm":33062,"minecraft:fly_one_cm":64715,"minecraft:open_chest":5,"minecraft:crouch_one_cm":7179,"minecraft:deaths":4,"minecraft:play_time":86781,"minecraft:sneak_time":1891,"minecraft:walk_under_water_one_cm":27009,"minecraft:jump":850,"minecraft:walk_on_water_one_cm":37844,"minecraft:total_world_time":86781,"minecraft:fish_caught":13,"minecraft:fall_one_cm":24062},"minecraft:dropped":{"minecraft:cooked_beef":1,"minecraft:cobblestone":25,"minecraft:granite":2,"minecraft:dirt":4,"minecraft:wooden_axe":1,"minecraft:stone_pickaxe":2}},"DataVersion":3120}