{"stats":{"minecraft:dropped":{"minecraft:cooked_beef":1,"minecraft:stone_sword":1,"minecraft:cobblestone":25,"minecraft:granite":4,"minecraft:white_bed":1,"minecraft:dirt":4,"minecraft:andesite":5,"minecraft:wooden_axe":1,"minecraft:leather_boots":2,"minecraft:stone_pickaxe":4,"minecraft:lily_pad":1,"minecraft:dandelion":4},"minecraft:killed_by":{"minecraft:drowned":6},"minecraft:killed":{"minecraft:cave_spider":1,"minecraft:pig":2,"minecraft:sheep":9,"minecraft:skeleton":1,"minecraft:zombie":1,"minecraft:chicken":2,"minecraft:cow":3},"minecraft:custom":{"minecraft:interact_with_furnace":34,"minecraft:mob_kills":22,"minecraft:interact_with_crafting_table":14,"minecraft:leave_game":3,"minecraft:time_since_death":37417,"minecraft:sleep_in_bed":7,"minecraft:climb_one_cm":1268,"minecraft:time_since_rest":9954,"minecraft:sprint_one_cm":232007,"minecraft:damage_taken":2563,"minecraft:walk_one_cm":449971,"minecraft:drop":33,"minecraft:damage_dealt":2259,"minecraft:talked_to_villager":1,"minecraft:swim_one_cm":47285,"minecraft:fly_one_cm":127426,"minecraft:open_chest":21,"minecraft:crouch_one_cm":8247,"minecraft:play_time":138767,"minecraft:deaths":6,"minecraft:sneak_time":2348,"minecraft:walk_under_water_one_cm":27782,"minecraft:jump":1155,"minecraft:walk_on_water_one_cm":39178,"minecraft:total_world_time":138767,"minecraft:fish_caught":47,"minecraft:fall_one_cm":30924,"minecraft:horse_one_cm":4633},"minecraft:picked_up":{"minecraft:nautilus_shell":4,"minecraft:fishing_rod":7,"minecraft:crafting_table":2,"minecraft:wheat":10,"minecraft:feather":1,"minecraft:cooked_beef":2,"minecraft:chicken":12,"minecraft:andesite":1,"minecraft:salmon":23,"minecraft:leather":64,"minecraft:wooden_pickaxe":2,"minecraft:potato":1,"minecraft:oak_log":288,"minecraft:lily_pad":1,"minecraft:string":40,"minecraft:dirt":30,"minecraft:name_tag":3,"minecraft:leather_boots":7,"minecraft:cooked_mutton":38,"minecraft:pufferfish":14,"minecraft:bone":2,"minecraft:apple":30,"minecraft:bow":1,"minecraft:wheat_seeds":69,"minecraft:iron_ingot":45,"minecraft:beef":17,"minecraft:stone_pickaxe":4,"minecraft:light_gray_wool":1,"minecraft:sugar_cane":20,"minecraft:oak_planks":291,"minecraft:furnace":3,"minecraft:egg":2,"minecraft:raw_iron":52,"minecraft:stick":7,"minecraft:torch":13,"minecraft:dandelion":4,"minecraft:porkchop":10,"minecraft:carrot":36,"minecraft:diorite":2,"minecraft:white_bed":3,"minecraft:barrel":1,"minecraft:stone_sword":6,"minecraft:arrow":2,"minecraft:rotten_flesh":4,"minecraft:tropical_fish":6,"minecraft:stone_axe":6,"minecraft:granite":24,"minecraft:oak_sapling":59,"minecraft:mutton":15,"minecraft:coal":137,"minecraft:cod":58,"minecraft:rail":1,"minecraft:white_wool":9,"minecraft:cobblestone":90},"minecraft:crafted":{"minecraft:cooked_beef":12,"minecraft:oak_planks":104,"minecraft:crafting_table":1,"minecraft:wooden_pickaxe":1,"minecraft:furnace":1,"minecraft:stone":3,"minecraft:cooked_mutton":13,"minecraft:air":0,"minecraft:stick":12,"minecraft:iron_ingot":64,"minecraft:stone_pickaxe":2,"minecraft:wooden_axe":2,"minecraft:chest":2,"minecraft:white_bed":2,"minecraft:torch":12},"minecraft:broken":{"minecraft:stone_pickaxe":1,"minecraft:wooden_axe":1,"minecraft:fishing_rod":1},"minecraft:used":{"minecraft:cooked_mutton":1,"minecraft:diorite":2,"minecraft:stone_sword":75,"minecraft:stone_pickaxe":133,"minecraft:chest":2,"minecraft:wooden_pickaxe":35,"minecraft:torch":13,"minecraft:dirt":3,"minecraft:crafting_table":3,"minecraft:white_bed":4,"minecraft:granite":22,"minecraft:wooden_axe":39,"minecraft:bread":1,"minecraft:stone_axe":68,"minecraft:fishing_rod":69,"minecraft:furnace":4,"minecraft:cooked_beef":12},"minecraft:mined":{"minecraft:white_bed":2,"minecraft:dandelion":10,"minecraft:crafting_table":1,"minecraft:torch":3,"minecraft:granite":24,"minecraft:grass_block":11,"minecraft:poppy":2,"minecraft:tall_grass":39,"minecraft:sugar_cane":5,"minecraft:oxeye_daisy":1,"minecraft:diorite":2,"minecraft:spawner":2,"minecraft:tall_seagrass":3,"minecraft:furnace":3,"minecraft:carrots":16,"minecraft:iron_ore":52,"minecraft:wheat":33,"minecraft:andesite":1,"minecraft:azure_bluet":1,"minecraft:grass":337,"minecraft:potatoes":1,"minecraft:oak_log":96,"minecraft:coal_ore":33,"minecraft:rail":1,"minecraft:dirt":7,"minecraft:cobweb":39,"minecraft:stone":48,"minecraft:oak_leaves":16}},"DataVersion":3120}