{"stats":{"minecraft:killed":{"minecraft:cave_spider":1,"minecraft:pig":1,"minecraft:sheep":8,"minecraft:chicken":2,"minecraft:cow":3},"minecraft:picked_up":{"minecraft:crafting_table":1,"minecraft:feather":1,"minecraft:cooked_beef":2,"minecraft:chicken":3,"minecraft:andesite":1,"minecraft:leather":11,"minecraft:oak_log":96,"minecraft:dirt":7,"minecraft:string":36,"minecraft:apple":2,"minecraft:wheat_seeds":3,"minecraft:beef":11,"minecraft:stone_pickaxe":3,"minecraft:light_gray_wool":1,"minecraft:sugar_cane":20,"minecraft:egg":2,"minecraft:furnace":1,"minecraft:stick":5,"minecraft:raw_iron":30,"minecraft:porkchop":1,"minecraft:white_bed":2,"minecraft:barrel":1,"minecraft:stone_sword":1,"minecraft:stone_axe":1,"minecraft:granite":5,"minecraft:oak_sapling":14,"minecraft:mutton":13,"minecraft:coal":33,"minecraft:white_wool":8,"minecraft:cobblestone":45},"minecraft:broken":{"minecraft:wooden_axe":1},"minecraft:used":{"minecraft:stone_sword":50,"minecraft:stone_pickaxe":82,"minecraft:wooden_pickaxe":33,"minecraft:torch":6,"minecraft:dirt":3,"minecraft:crafting_table":1,"minecraft:white_bed":2,"minecraft:wooden_axe":39,"minecraft:bread":1,"minecraft:stone_axe":66,"minecraft:cooked_beef":4},"minecraft:mined":{"minecraft:granite":5,"minecraft:grass_block":4,"minecraft:poppy":1,"minecraft:sugar_cane":5,"minecraft:spawner":2,"minecraft:furnace":1,"minecraft:iron_ore":30,"minecraft:andesite":1,"minecraft:grass":1,"minecraft:coal_ore":33,"minecraft:oak_log":96,"minecraft:dirt":1,"minecraft:cobweb":39,"minecraft:stone":41,"minecraft:oak_leaves":16},"minecraft:crafted":{"minecraft:cooked_beef":9,"minecraft:oak_planks":104,"minecraft:crafting_table":1,"minecraft:wooden_pickaxe":1,"minecraft:air":0,"minecraft:stick":12,"minecraft:wooden_axe":2,"minecraft:white_bed":2,"minecraft:torch":12},"minecraft:custom":{"minecraft:interact_with_furnace":7,"minecraft:mob_kills":16,"minecraft:interact_with_crafting_table":2,"minecraft:leave_game":1,"minecraft:time_since_death":50781,"minecraft:sleep_in_bed":1,"minecraft:time_since_rest":22955,"minecraft:sprint_one_cm":60815,"minecraft:damage_taken":558,"minecraft:walk_one_cm":215305,"minecraft:drop":20,"minecraft:damage_dealt":1373,"minecraft:swim_one_cm":9044,"minecraft:fly_one_cm":15380,"minecraft:open_chest":1,"minecraft:crouch_one_cm":6052,"minecraft:play_time":50781,"minecraft:sneak_time":1354,"minecraft:walk_under_water_one_cm":10773,"minecraft:jump":476,"minecraft:walk_on_water_one_cm":13892,"minecraft:total_world_time":50781,"minecraft:fall_one_cm":10481},"minecraft:dropped":{"minecraft:cooked_beef":1,"minecraft:cobblestone":25,"minecraft:dirt":3,"minecraft:wooden_axe":1,"minecraft:stone_pickaxe":2}},"DataVersion":3120}