{"stats":{"minecraft:killed":{"minecraft:chicken":2,"minecraft:cow":1},"minecraft:picked_up":{"minecraft:stick":2,"minecraft:chicken":2,"minecraft:leather":1,"minecraft:beef":1,"minecraft:oak_log":40,"minecraft:oak_sapling":9,"minecraft:dirt":2,"minecraft:coal":8,"minecraft:cobblestone":25,"minecraft:egg":2},"minecraft:used":{"minecraft:wooden_axe":21,"minecraft:crafting_table":1,"minecraft:wooden_pickaxe":33},"minecraft:mined":{"minecraft:grass_block":2,"minecraft:coal_ore":8,"minecraft:oak_log":40,"minecraft:stone":25,"minecraft:oak_leaves":10},"minecraft:crafted":{"minecraft:oak_planks":104,"minecraft:crafting_table":1,"minecraft:stick":12,"minecraft:wooden_pickaxe":1,"minecraft:wooden_axe":2},"minecraft:custom":{"minecraft:time_since_rest":14781,"minecraft:crouch_one_cm":980,"minecraft:play_time":14781,"minecraft:sprint_one_cm":2724,"minecraft:damage_taken":20,"minecraft:walk_one_cm":50612,"minecraft:sneak_time":246,"minecraft:walk_under_water_one_cm":604,"minecraft:mob_kills":3,"minecraft:drop":1,"minecraft:jump":111,"minecraft:damage_dealt":121,"minecraft:time_since_death":14781,"minecraft:leave_game":1,"minecraft:walk_on_water_one_cm":2397,"minecraft:total_world_time":14781,"minecraft:interact_with_crafting_table":1,"minecraft:fall_one_cm":751,"minecraft:fly_one_cm":1829},"minecraft:dropped":{"minecraft:wooden_axe":1}},"DataVersion":3120}