{"stats":{"minecraft:dropped":{"minecraft:stone_axe":1,"minecraft:stone_sword":5,"minecraft:crafting_table":1,"minecraft:rail":1,"minecraft:dirt":2,"minecraft:barrel":1,"minecraft:stone_pickaxe":3,"minecraft:fishing_rod":4},"minecraft:killed_by":{"minecraft:cave_spider":1,"minecraft:skeleton":1,"minecraft:zombie":1,"minecraft:drowned":2},"minecraft:killed":{"minecraft:cave_spider":1,"minecraft:pig":8,"minecraft:bat":1,"minecraft:spider":2,"minecraft:skeleton":3,"minecraft:sheep":1,"minecraft:zombie":6,"minecraft:chicken":1,"minecraft:drowned":2,"minecraft:cow":9},"minecraft:custom":{"minecraft:interact_with_furnace":20,"minecraft:mob_kills":32,"minecraft:interact_with_crafting_table":16,"minecraft:leave_game":1,"minecraft:time_since_death":3700,"minecraft:sleep_in_bed":14,"minecraft:climb_one_cm":1502,"minecraft:time_since_rest":686,"minecraft:sprint_one_cm":298750,"minecraft:damage_taken":3564,"minecraft:walk_one_cm":559351,"minecraft:drop":17,"minecraft:damage_dealt":4731,"minecraft:swim_one_cm":1435,"minecraft:fly_one_cm":115423,"minecraft:open_chest":16,"minecraft:play_time":204156,"minecraft:sneak_time":31,"minecraft:deaths":6,"minecraft:walk_under_water_one_cm":20597,"minecraft:jump":1572,"minecraft:walk_on_water_one_cm":29743,"minecraft:total_world_time":204156,"minecraft:fish_caught":43,"minecraft:horse_one_cm":11814,"minecraft:fall_one_cm":34057},"minecraft:picked_up":{"minecraft:wooden_axe":1,"minecraft:fishing_rod":4,"minecraft:crafting_table":5,"minecraft:wheat":3,"minecraft:feather":1,"minecraft:cooked_beef":1,"minecraft:chicken":1,"minecraft:tripwire_hook":1,"minecraft:andesite":11,"minecraft:salmon":30,"minecraft:leather":31,"minecraft:wooden_pickaxe":1,"minecraft:oak_log":107,"minecraft:lily_pad":1,"minecraft:lapis_lazuli":33,"minecraft:dirt":91,"minecraft:string":37,"minecraft:raw_copper":10,"minecraft:leather_boots":1,"minecraft:pufferfish":7,"minecraft:bone":5,"minecraft:apple":16,"minecraft:bow":3,"minecraft:wheat_seeds":44,"minecraft:beef":28,"minecraft:stone_pickaxe":15,"minecraft:rose_bush":6,"minecraft:sugar_cane":19,"minecraft:chest":2,"minecraft:oak_planks":348,"minecraft:egg":4,"minecraft:stick":8,"minecraft:raw_iron":20,"minecraft:cooked_porkchop":16,"minecraft:torch":22,"minecraft:bowl":1,"minecraft:porkchop":13,"minecraft:white_bed":7,"minecraft:spider_eye":2,"minecraft:barrel":2,"minecraft:stone_sword":9,"minecraft:arrow":14,"minecraft:rotten_flesh":11,"minecraft:stone_axe":6,"minecraft:granite":4,"minecraft:oak_sapling":33,"minecraft:mutton":6,"minecraft:cod":46,"minecraft:coal":253,"minecraft:rail":1,"minecraft:white_wool":1,"minecraft:cobblestone":822,"minecraft:nautilus_shell":1},"minecraft:crafted":{"minecraft:cooked_beef":4,"minecraft:oak_planks":196,"minecraft:fishing_rod":2,"minecraft:cooked_porkchop":18,"minecraft:furnace":1,"minecraft:stone_axe":3,"minecraft:cooked_mutton":2,"minecraft:stick":40,"minecraft:stone_pickaxe":8,"minecraft:stone_sword":3,"minecraft:torch":12},"minecraft:broken":{"minecraft:stone_pickaxe":4,"minecraft:stone_sword":3,"minecraft:wooden_axe":1,"minecraft:fishing_rod":1},"minecraft:used":{"minecraft:cooked_mutton":2,"minecraft:stone_sword":310,"minecraft:stone_pickaxe":620,"minecraft:chest":2,"minecraft:torch":5,"minecraft:glow_berries":1,"minecraft:dirt":23,"minecraft:crafting_table":3,"minecraft:white_bed":5,"minecraft:granite":2,"minecraft:wooden_axe":55,"minecraft:apple":2,"minecraft:barrel":1,"minecraft:fishing_rod":61,"minecraft:stone_axe":6,"minecraft:cobblestone":27,"minecraft:beef":1,"minecraft:furnace":1,"minecraft:cooked_porkchop":16,"minecraft:andesite":1,"minecraft:cooked_beef":3},"minecraft:mined":{"minecraft:white_bed":7,"minecraft:dandelion":4,"minecraft:crafting_table":4,"minecraft:torch":2,"minecraft:granite":2,"minecraft:grass_block":3,"minecraft:chest":2,"minecraft:rose_bush":4,"minecraft:copper_ore":3,"minecraft:tall_grass":8,"minecraft:lapis_ore":2,"minecraft:sugar_cane":9,"minecraft:wall_torch":1,"minecraft:seagrass":1,"minecraft:iron_ore":16,"minecraft:wheat":1,"minecraft:andesite":1,"minecraft:grass":203,"minecraft:oak_log":43,"minecraft:coal_ore":101,"minecraft:cave_vines":1,"minecraft:dirt_path":5,"minecraft:dirt":7,"minecraft:cobweb":17,"minecraft:stone":454,"minecraft:oak_leaves":4}},"DataVersion":3120}