{"stats":{"minecraft:dropped":{"minecraft:stone_axe":1,"minecraft:stone_sword":5,"minecraft:crafting_table":1,"minecraft:rail":1,"minecraft:dirt":2,"minecraft:barrel":1,"minecraft:stone_pickaxe":1,"minecraft:fishing_rod":4},"minecraft:killed_by":{"minecraft:cave_spider":1,"minecraft:drowned":2},"minecraft:killed":{"minecraft:cave_spider":1,"minecraft:pig":8,"minecraft:skeleton":1,"minecraft:sheep":1,"minecraft:chicken":1,"minecraft:drowned":2,"minecraft:cow":7},"minecraft:custom":{"minecraft:interact_with_furnace":17,"minecraft:mob_kills":19,"minecraft:interact_with_crafting_table":14,"minecraft:leave_game":1,"minecraft:time_since_death":39029,"minecraft:sleep_in_bed":6,"minecraft:climb_one_cm":1502,"minecraft:time_since_rest":14012,"minecraft:sprint_one_cm":168968,"minecraft:damage_taken":1889,"minecraft:walk_one_cm":434885,"minecraft:drop":15,"minecraft:damage_dealt":2344,"minecraft:swim_one_cm":1435,"minecraft:fly_one_cm":77220,"minecraft:open_chest":13,"minecraft:play_time":138156,"minecraft:sneak_time":28,"minecraft:deaths":4,"minecraft:walk_under_water_one_cm":20597,"minecraft:jump":1181,"minecraft:walk_on_water_one_cm":29743,"minecraft:total_world_time":138156,"minecraft:fish_caught":43,"minecraft:fall_one_cm":28570},"minecraft:picked_up":{"minecraft:wooden_axe":1,"minecraft:fishing_rod":4,"minecraft:crafting_table":5,"minecraft:wheat":3,"minecraft:feather":1,"minecraft:cooked_beef":1,"minecraft:chicken":1,"minecraft:tripwire_hook":1,"minecraft:andesite":11,"minecraft:salmon":30,"minecraft:leather":25,"minecraft:wooden_pickaxe":1,"minecraft:oak_log":107,"minecraft:lily_pad":1,"minecraft:lapis_lazuli":11,"minecraft:dirt":17,"minecraft:string":29,"minecraft:leather_boots":1,"minecraft:pufferfish":7,"minecraft:bone":1,"minecraft:apple":16,"minecraft:bow":3,"minecraft:wheat_seeds":33,"minecraft:beef":15,"minecraft:stone_pickaxe":4,"minecraft:rose_bush":6,"minecraft:sugar_cane":19,"minecraft:chest":2,"minecraft:oak_planks":332,"minecraft:egg":3,"minecraft:stick":2,"minecraft:raw_iron":18,"minecraft:cooked_porkchop":7,"minecraft:torch":2,"minecraft:bowl":1,"minecraft:porkchop":13,"minecraft:white_bed":4,"minecraft:barrel":2,"minecraft:stone_sword":8,"minecraft:arrow":2,"minecraft:rotten_flesh":3,"minecraft:stone_axe":2,"minecraft:granite":4,"minecraft:oak_sapling":33,"minecraft:mutton":6,"minecraft:cod":46,"minecraft:coal":56,"minecraft:rail":1,"minecraft:white_wool":1,"minecraft:cobblestone":166,"minecraft:nautilus_shell":1},"minecraft:crafted":{"minecraft:cooked_beef":4,"minecraft:oak_planks":172,"minecraft:fishing_rod":2,"minecraft:cooked_porkchop":18,"minecraft:furnace":1,"minecraft:stone_axe":3,"minecraft:cooked_mutton":2,"minecraft:stick":24,"minecraft:stone_pickaxe":3,"minecraft:stone_sword":3},"minecraft:broken":{"minecraft:stone_pickaxe":1,"minecraft:stone_sword":1,"minecraft:wooden_axe":1,"minecraft:fishing_rod":1},"minecraft:used":{"minecraft:cooked_mutton":2,"minecraft:stone_sword":183,"minecraft:stone_pickaxe":180,"minecraft:chest":2,"minecraft:torch":2,"minecraft:glow_berries":1,"minecraft:dirt":6,"minecraft:crafting_table":3,"minecraft:white_bed":2,"minecraft:granite":2,"minecraft:wooden_axe":55,"minecraft:apple":2,"minecraft:barrel":1,"minecraft:fishing_rod":61,"minecraft:stone_axe":6,"minecraft:cobblestone":24,"minecraft:beef":1,"minecraft:furnace":1,"minecraft:cooked_porkchop":5,"minecraft:andesite":1,"minecraft:cooked_beef":3},"minecraft:mined":{"minecraft:white_bed":4,"minecraft:dandelion":4,"minecraft:crafting_table":4,"minecraft:torch":2,"minecraft:granite":2,"minecraft:grass_block":2,"minecraft:chest":2,"minecraft:rose_bush":4,"minecraft:tall_grass":8,"minecraft:lapis_ore":2,"minecraft:sugar_cane":9,"minecraft:wall_torch":1,"minecraft:seagrass":1,"minecraft:iron_ore":14,"minecraft:wheat":1,"minecraft:andesite":1,"minecraft:grass":185,"minecraft:oak_log":43,"minecraft:coal_ore":19,"minecraft:cave_vines":1,"minecraft:dirt_path":5,"minecraft:dirt":1,"minecraft:cobweb":17,"minecraft:stone":130,"minecraft:oak_leaves":4}},"DataVersion":3120}