{"stats":{"minecraft:killed":{"minecraft:sheep":1,"minecraft:pig":1,"minecraft:chicken":1,"minecraft:cow":5},"minecraft:picked_up":{"minecraft:wooden_axe":1,"minecraft:feather":1,"minecraft:cooked_beef":1,"minecraft:crafting_table":5,"minecraft:chicken":1,"minecraft:leather":7,"minecraft:porkchop":1,"minecraft:oak_log":43,"minecraft:dirt":4,"minecraft:stone_sword":1,"minecraft:apple":2,"minecraft:wheat_seeds":3,"minecraft:beef":9,"minecraft:rose_bush":2,"minecraft:oak_sapling":1,"minecraft:sugar_cane":10,"minecraft:mutton":2,"minecraft:wheat":1,"minecraft:white_wool":1,"minecraft:cobblestone":25,"minecraft:egg":1},"minecraft:broken":{"minecraft:wooden_axe":1},"minecraft:used":{"minecraft:wooden_axe":55,"minecraft:stone_sword":40,"minecraft:apple":2,"minecraft:stone_axe":1,"minecraft:beef":1,"minecraft:crafting_table":3,"minecraft:furnace":1,"minecraft:cooked_beef":3},"minecraft:mined":{"minecraft:white_bed":2,"minecraft:wheat":1,"minecraft:crafting_table":4,"minecraft:grass":8,"minecraft:grass_block":1,"minecraft:oak_log":43,"minecraft:rose_bush":4,"minecraft:dirt":1,"minecraft:sugar_cane":6,"minecraft:oak_leaves":4},"minecraft:crafted":{"minecraft:cooked_beef":4,"minecraft:oak_planks":172,"minecraft:stick":12,"minecraft:stone_pickaxe":2,"minecraft:stone_sword":2,"minecraft:furnace":1,"minecraft:stone_axe":2},"minecraft:custom":{"minecraft:time_since_rest":10955,"minecraft:interact_with_furnace":5,"minecraft:sprint_one_cm":61012,"minecraft:walk_one_cm":155755,"minecraft:damage_taken":476,"minecraft:mob_kills":8,"minecraft:drop":6,"minecraft:damage_dealt":842,"minecraft:interact_with_crafting_table":6,"minecraft:fly_one_cm":11451,"minecraft:open_chest":1,"minecraft:play_time":36693,"minecraft:sneak_time":28,"minecraft:walk_under_water_one_cm":3373,"minecraft:jump":483,"minecraft:walk_on_water_one_cm":8319,"minecraft:time_since_death":36693,"minecraft:climb_one_cm":1502,"minecraft:sleep_in_bed":1,"minecraft:total_world_time":36693,"minecraft:fall_one_cm":11720},"minecraft:dropped":{"minecraft:dirt":2,"minecraft:stone_axe":1,"minecraft:stone_sword":2,"minecraft:crafting_table":1,"minecraft:stone_pickaxe":1}},"DataVersion":3120}