{"stats":{"minecraft:killed":{"minecraft:cow":1},"minecraft:picked_up":{"minecraft:wooden_axe":1,"minecraft:crafting_table":1,"minecraft:apple":1,"minecraft:leather":2,"minecraft:beef":1,"minecraft:rose_bush":2,"minecraft:oak_log":43,"minecraft:oak_sapling":1,"minecraft:sugar_cane":4,"minecraft:dirt":2,"minecraft:egg":1},"minecraft:broken":{"minecraft:wooden_axe":1},"minecraft:used":{"minecraft:wooden_axe":55,"minecraft:apple":1},"minecraft:mined":{"minecraft:grass":6,"minecraft:grass_block":1,"minecraft:oak_log":43,"minecraft:rose_bush":4,"minecraft:dirt":1,"minecraft:sugar_cane":2,"minecraft:oak_leaves":4,"minecraft:crafting_table":1},"minecraft:crafted":{"minecraft:oak_planks":72},"minecraft:custom":{"minecraft:time_since_rest":12693,"minecraft:play_time":12693,"minecraft:sprint_one_cm":18317,"minecraft:damage_taken":116,"minecraft:walk_one_cm":46058,"minecraft:mob_kills":1,"minecraft:jump":149,"minecraft:damage_dealt":268,"minecraft:time_since_death":12693,"minecraft:total_world_time":12693,"minecraft:interact_with_crafting_table":1,"minecraft:fall_one_cm":2780,"minecraft:fly_one_cm":2166}},"DataVersion":3120}