{"stats":{"minecraft:killed":{"minecraft:sheep":1,"minecraft:pig":1,"minecraft:chicken":1,"minecraft:cow":4},"minecraft:picked_up":{"minecraft:wooden_axe":1,"minecraft:feather":1,"minecraft:cooked_beef":1,"minecraft:crafting_table":4,"minecraft:chicken":1,"minecraft:leather":7,"minecraft:porkchop":1,"minecraft:oak_log":43,"minecraft:dirt":4,"minecraft:apple":2,"minecraft:beef":6,"minecraft:rose_bush":2,"minecraft:oak_sapling":1,"minecraft:sugar_cane":4,"minecraft:mutton":2,"minecraft:white_wool":1,"minecraft:cobblestone":25,"minecraft:egg":1},"minecraft:broken":{"minecraft:wooden_axe":1},"minecraft:used":{"minecraft:wooden_axe":55,"minecraft:stone_sword":31,"minecraft:apple":1,"minecraft:stone_axe":1,"minecraft:beef":1,"minecraft:crafting_table":2,"minecraft:furnace":1,"minecraft:cooked_beef":2},"minecraft:mined":{"minecraft:crafting_table":3,"minecraft:grass":8,"minecraft:grass_block":1,"minecraft:oak_log":43,"minecraft:rose_bush":4,"minecraft:dirt":1,"minecraft:sugar_cane":2,"minecraft:oak_leaves":4},"minecraft:crafted":{"minecraft:cooked_beef":4,"minecraft:oak_planks":172,"minecraft:stick":12,"minecraft:stone_pickaxe":2,"minecraft:stone_sword":2,"minecraft:furnace":1,"minecraft:stone_axe":2},"minecraft:custom":{"minecraft:time_since_rest":24693,"minecraft:interact_with_furnace":5,"minecraft:sprint_one_cm":34502,"minecraft:walk_one_cm":86569,"minecraft:damage_taken":286,"minecraft:mob_kills":7,"minecraft:drop":5,"minecraft:damage_dealt":762,"minecraft:interact_with_crafting_table":6,"minecraft:fly_one_cm":5361,"minecraft:play_time":24693,"minecraft:jump":263,"minecraft:walk_on_water_one_cm":610,"minecraft:time_since_death":24693,"minecraft:total_world_time":24693,"minecraft:fall_one_cm":7099},"minecraft:dropped":{"minecraft:dirt":2,"minecraft:stone_axe":1,"minecraft:stone_sword":1,"minecraft:crafting_table":1,"minecraft:stone_pickaxe":1}},"DataVersion":3120}