{"stats":{"minecraft:killed":{"minecraft:cave_spider":1,"minecraft:pig":1,"minecraft:sheep":1,"minecraft:chicken":1,"minecraft:cow":5},"minecraft:picked_up":{"minecraft:wooden_axe":1,"minecraft:crafting_table":5,"minecraft:wheat":2,"minecraft:feather":1,"minecraft:cooked_beef":1,"minecraft:chicken":1,"minecraft:andesite":5,"minecraft:leather":7,"minecraft:oak_log":43,"minecraft:dirt":9,"minecraft:string":11,"minecraft:apple":2,"minecraft:wheat_seeds":3,"minecraft:beef":9,"minecraft:stone_pickaxe":1,"minecraft:rose_bush":4,"minecraft:sugar_cane":10,"minecraft:oak_planks":166,"minecraft:egg":2,"minecraft:stick":2,"minecraft:raw_iron":4,"minecraft:torch":1,"minecraft:porkchop":2,"minecraft:barrel":1,"minecraft:stone_sword":4,"minecraft:stone_axe":1,"minecraft:oak_sapling":2,"minecraft:mutton":4,"minecraft:coal":8,"minecraft:white_wool":1,"minecraft:cobblestone":25},"minecraft:broken":{"minecraft:wooden_axe":1},"minecraft:used":{"minecraft:stone_sword":76,"minecraft:stone_pickaxe":12,"minecraft:torch":1,"minecraft:dirt":5,"minecraft:crafting_table":3,"minecraft:wooden_axe":55,"minecraft:apple":2,"minecraft:stone_axe":1,"minecraft:cobblestone":1,"minecraft:beef":1,"minecraft:furnace":1,"minecraft:cooked_beef":3},"minecraft:mined":{"minecraft:white_bed":2,"minecraft:crafting_table":4,"minecraft:torch":1,"minecraft:grass_block":1,"minecraft:rose_bush":4,"minecraft:sugar_cane":6,"minecraft:iron_ore":4,"minecraft:wheat":1,"minecraft:grass":8,"minecraft:oak_log":43,"minecraft:coal_ore":8,"minecraft:dirt_path":5,"minecraft:dirt":1,"minecraft:cobweb":17,"minecraft:oak_leaves":4},"minecraft:killed_by":{"minecraft:cave_spider":1},"minecraft:crafted":{"minecraft:cooked_beef":4,"minecraft:oak_planks":172,"minecraft:furnace":1,"minecraft:stone_axe":2,"minecraft:stick":12,"minecraft:stone_pickaxe":2,"minecraft:stone_sword":2},"minecraft:custom":{"minecraft:interact_with_furnace":5,"minecraft:mob_kills":9,"minecraft:interact_with_crafting_table":6,"minecraft:time_since_death":10389,"minecraft:sleep_in_bed":1,"minecraft:climb_one_cm":1502,"minecraft:time_since_rest":10491,"minecraft:sprint_one_cm":69912,"minecraft:damage_taken":761,"minecraft:walk_one_cm":228874,"minecraft:drop":8,"minecraft:damage_dealt":1059,"minecraft:fly_one_cm":12810,"minecraft:open_chest":1,"minecraft:play_time":48693,"minecraft:deaths":1,"minecraft:sneak_time":28,"minecraft:walk_under_water_one_cm":4623,"minecraft:jump":619,"minecraft:walk_on_water_one_cm":9027,"minecraft:total_world_time":48693,"minecraft:fall_one_cm":14625},"minecraft:dropped":{"minecraft:stone_axe":1,"minecraft:stone_sword":4,"minecraft:crafting_table":1,"minecraft:dirt":2,"minecraft:stone_pickaxe":1}},"DataVersion":3120}