{"stats":{"minecraft:killed":{"minecraft:cave_spider":1,"minecraft:pig":7,"minecraft:skeleton":1,"minecraft:sheep":1,"minecraft:chicken":1,"minecraft:drowned":1,"minecraft:cow":7},"minecraft:picked_up":{"minecraft:wooden_axe":1,"minecraft:crafting_table":5,"minecraft:wheat":3,"minecraft:feather":1,"minecraft:cooked_beef":1,"minecraft:chicken":1,"minecraft:salmon":2,"minecraft:andesite":11,"minecraft:leather":9,"minecraft:oak_log":43,"minecraft:dirt":12,"minecraft:string":22,"minecraft:leather_boots":1,"minecraft:pufferfish":1,"minecraft:apple":2,"minecraft:bow":1,"minecraft:wheat_seeds":7,"minecraft:beef":12,"minecraft:stone_pickaxe":2,"minecraft:rose_bush":6,"minecraft:sugar_cane":19,"minecraft:oak_planks":332,"minecraft:egg":3,"minecraft:stick":2,"minecraft:raw_iron":18,"minecraft:torch":1,"minecraft:bowl":1,"minecraft:porkchop":13,"minecraft:barrel":2,"minecraft:rotten_flesh":2,"minecraft:stone_sword":5,"minecraft:stone_axe":2,"minecraft:granite":4,"minecraft:oak_sapling":3,"minecraft:cod":6,"minecraft:mutton":6,"minecraft:coal":16,"minecraft:white_wool":1,"minecraft:cobblestone":65},"minecraft:broken":{"minecraft:stone_sword":1,"minecraft:wooden_axe":1},"minecraft:used":{"minecraft:cooked_mutton":2,"minecraft:stone_sword":171,"minecraft:stone_pickaxe":72,"minecraft:torch":1,"minecraft:glow_berries":1,"minecraft:dirt":6,"minecraft:crafting_table":3,"minecraft:granite":2,"minecraft:wooden_axe":55,"minecraft:apple":2,"minecraft:barrel":1,"minecraft:stone_axe":1,"minecraft:fishing_rod":17,"minecraft:cobblestone":24,"minecraft:beef":1,"minecraft:furnace":1,"minecraft:cooked_porkchop":3,"minecraft:andesite":1,"minecraft:cooked_beef":3},"minecraft:mined":{"minecraft:white_bed":2,"minecraft:crafting_table":4,"minecraft:torch":1,"minecraft:granite":2,"minecraft:grass_block":2,"minecraft:rose_bush":4,"minecraft:tall_grass":3,"minecraft:sugar_cane":9,"minecraft:seagrass":1,"minecraft:iron_ore":14,"minecraft:wheat":1,"minecraft:andesite":1,"minecraft:grass":32,"minecraft:cave_vines":1,"minecraft:oak_log":43,"minecraft:coal_ore":8,"minecraft:dirt_path":5,"minecraft:dirt":1,"minecraft:cobweb":17,"minecraft:stone":46,"minecraft:oak_leaves":4},"minecraft:killed_by":{"minecraft:cave_spider":1},"minecraft:crafted":{"minecraft:cooked_beef":4,"minecraft:oak_planks":172,"minecraft:fishing_rod":2,"minecraft:cooked_porkchop":11,"minecraft:furnace":1,"minecraft:stone_axe":3,"minecraft:cooked_mutton":2,"minecraft:stick":24,"minecraft:stone_pickaxe":3,"minecraft:stone_sword":3},"minecraft:custom":{"minecraft:interact_with_furnace":14,"minecraft:mob_kills":18,"minecraft:interact_with_crafting_table":8,"minecraft:time_since_death":33138,"minecraft:sleep_in_bed":3,"minecraft:climb_one_cm":1502,"minecraft:time_since_rest":0,"minecraft:sprint_one_cm":123230,"minecraft:damage_taken":1382,"minecraft:walk_one_cm":362329,"minecraft:drop":9,"minecraft:damage_dealt":2072,"minecraft:swim_one_cm":1435,"minecraft:fly_one_cm":42229,"minecraft:open_chest":7,"minecraft:play_time":84693,"minecraft:deaths":2,"minecraft:sneak_time":28,"minecraft:walk_under_water_one_cm":19762,"minecraft:jump":994,"minecraft:walk_on_water_one_cm":26724,"minecraft:total_world_time":84693,"minecraft:fish_caught":9,"minecraft:fall_one_cm":22697},"minecraft:dropped":{"minecraft:stone_axe":1,"minecraft:stone_sword":4,"minecraft:crafting_table":1,"minecraft:dirt":2,"minecraft:stone_pickaxe":1,"minecraft:fishing_rod":1}},"DataVersion":3120}