{"stats":{"minecraft:killed":{"minecraft:cave_spider":1,"minecraft:pig":1,"minecraft:skeleton":1,"minecraft:sheep":1,"minecraft:chicken":1,"minecraft:cow":5},"minecraft:picked_up":{"minecraft:wooden_axe":1,"minecraft:crafting_table":5,"minecraft:wheat":3,"minecraft:feather":1,"minecraft:cooked_beef":1,"minecraft:chicken":1,"minecraft:andesite":11,"minecraft:leather":7,"minecraft:oak_log":43,"minecraft:dirt":10,"minecraft:string":22,"minecraft:apple":2,"minecraft:wheat_seeds":3,"minecraft:beef":9,"minecraft:stone_pickaxe":2,"minecraft:rose_bush":6,"minecraft:sugar_cane":10,"minecraft:oak_planks":332,"minecraft:egg":3,"minecraft:stick":2,"minecraft:raw_iron":18,"minecraft:torch":1,"minecraft:porkchop":3,"minecraft:barrel":2,"minecraft:stone_sword":5,"minecraft:stone_axe":2,"minecraft:granite":4,"minecraft:oak_sapling":3,"minecraft:mutton":6,"minecraft:coal":16,"minecraft:white_wool":1,"minecraft:cobblestone":65},"minecraft:broken":{"minecraft:wooden_axe":1},"minecraft:used":{"minecraft:stone_sword":80,"minecraft:stone_pickaxe":72,"minecraft:torch":1,"minecraft:glow_berries":1,"minecraft:dirt":6,"minecraft:crafting_table":3,"minecraft:granite":2,"minecraft:wooden_axe":55,"minecraft:apple":2,"minecraft:barrel":1,"minecraft:stone_axe":1,"minecraft:cobblestone":20,"minecraft:beef":1,"minecraft:furnace":1,"minecraft:andesite":1,"minecraft:cooked_beef":3},"minecraft:mined":{"minecraft:white_bed":2,"minecraft:crafting_table":4,"minecraft:torch":1,"minecraft:granite":2,"minecraft:grass_block":1,"minecraft:rose_bush":4,"minecraft:sugar_cane":6,"minecraft:iron_ore":14,"minecraft:wheat":1,"minecraft:andesite":1,"minecraft:grass":8,"minecraft:cave_vines":1,"minecraft:oak_log":43,"minecraft:coal_ore":8,"minecraft:dirt_path":5,"minecraft:dirt":1,"minecraft:cobweb":17,"minecraft:stone":46,"minecraft:oak_leaves":4},"minecraft:killed_by":{"minecraft:cave_spider":1},"minecraft:crafted":{"minecraft:cooked_beef":4,"minecraft:oak_planks":172,"minecraft:furnace":1,"minecraft:stone_axe":2,"minecraft:stick":12,"minecraft:stone_pickaxe":2,"minecraft:stone_sword":2},"minecraft:custom":{"minecraft:interact_with_furnace":5,"minecraft:mob_kills":9,"minecraft:interact_with_crafting_table":6,"minecraft:time_since_death":9138,"minecraft:sleep_in_bed":1,"minecraft:climb_one_cm":1502,"minecraft:time_since_rest":9280,"minecraft:sprint_one_cm":71411,"minecraft:damage_taken":1036,"minecraft:walk_one_cm":298312,"minecraft:drop":8,"minecraft:damage_dealt":1160,"minecraft:fly_one_cm":13179,"minecraft:open_chest":1,"minecraft:play_time":60693,"minecraft:deaths":2,"minecraft:sneak_time":28,"minecraft:walk_under_water_one_cm":13744,"minecraft:jump":764,"minecraft:walk_on_water_one_cm":16405,"minecraft:total_world_time":60693,"minecraft:fall_one_cm":18457},"minecraft:dropped":{"minecraft:stone_axe":1,"minecraft:stone_sword":4,"minecraft:crafting_table":1,"minecraft:dirt":2,"minecraft:stone_pickaxe":1}},"DataVersion":3120}